{
    "$schema": "https://schema.management.azure.com/schemas/2015-01-01/deploymentParameters.json#",
    "contentVersion": "1.0.0.0",
    "parameters": {
        "vulnerabilityAssessments_Default_storageContainerPath": {
            "value": null
        },
        "sites_exam_web_app2_name": {
            "value": null
        },
        "sites_exam_web_app3_name": {
            "value": null
        },
        "serverfarms_asp_exam_name": {
            "value": null
        },
        "loadBalancers_LBP_name": {
            "value": null
        },
        "virtualNetworks_NET_name": {
            "value": null
        },
        "servers_exam_sql_server_name": {
            "value": null
        },
        "virtualMachines_VM_1_name": {
            "value": null
        },
        "virtualMachines_VM_2_name": {
            "value": null
        },
        "availabilitySets_AS_VM_name": {
            "value": null
        },
        "publicIPAddresses_LBP_IP_name": {
            "value": null
        },
        "networkInterfaces_VM_1VMNic_name": {
            "value": null
        },
        "networkInterfaces_VM_2VMNic_name": {
            "value": null
        },
        "networkSecurityGroups_SG_VM_name": {
            "value": null
        },
        "registries_examprepcr_name": {
            "value": null
        },
        "containerGroups_exam_container_name": {
            "value": null
        }
    }
}