{
    "$schema": "https://schema.management.azure.com/schemas/2019-04-01/deploymentTemplate.json#",
    "contentVersion": "1.0.0.0",
    "parameters": {
        "vulnerabilityAssessments_Default_storageContainerPath": {
            "type": "SecureString"
        },
        "sites_exam_web_app2_name": {
            "defaultValue": "exam-web-app2",
            "type": "String"
        },
        "sites_exam_web_app3_name": {
            "defaultValue": "exam-web-app3",
            "type": "String"
        },
        "serverfarms_asp_exam_name": {
            "defaultValue": "asp-exam",
            "type": "String"
        },
        "loadBalancers_LBP_name": {
            "defaultValue": "LBP",
            "type": "String"
        },
        "virtualNetworks_NET_name": {
            "defaultValue": "NET",
            "type": "String"
        },
        "servers_exam_sql_server_name": {
            "defaultValue": "exam-sql-server",
            "type": "String"
        },
        "virtualMachines_VM_1_name": {
            "defaultValue": "VM-1",
            "type": "String"
        },
        "virtualMachines_VM_2_name": {
            "defaultValue": "VM-2",
            "type": "String"
        },
        "availabilitySets_AS_VM_name": {
            "defaultValue": "AS-VM",
            "type": "String"
        },
        "publicIPAddresses_LBP_IP_name": {
            "defaultValue": "LBP-IP",
            "type": "String"
        },
        "networkInterfaces_VM_1VMNic_name": {
            "defaultValue": "VM-1VMNic",
            "type": "String"
        },
        "networkInterfaces_VM_2VMNic_name": {
            "defaultValue": "VM-2VMNic",
            "type": "String"
        },
        "networkSecurityGroups_SG_VM_name": {
            "defaultValue": "SG-VM",
            "type": "String"
        },
        "registries_examprepcr_name": {
            "defaultValue": "examprepcr",
            "type": "String"
        },
        "containerGroups_exam_container_name": {
            "defaultValue": "exam-container",
            "type": "String"
        }
    },
    "variables": {},
    "resources": [
        {
            "type": "Microsoft.ContainerInstance/containerGroups",
            "apiVersion": "2024-11-01-preview",
            "name": "[parameters('containerGroups_exam_container_name')]",
            "location": "northeurope",
            "properties": {
                "sku": "Standard",
                "containers": [
                    {
                        "name": "[parameters('containerGroups_exam_container_name')]",
                        "properties": {
                            "image": "examprepcr.azurecr.io/php-app:v1",
                            "ports": [
                                {
                                    "protocol": "TCP",
                                    "port": 80
                                }
                            ],
                            "environmentVariables": [],
                            "resources": {
                                "requests": {
                                    "memoryInGB": 1.5,
                                    "cpu": 1
                                }
                            }
                        }
                    }
                ],
                "initContainers": [],
                "imageRegistryCredentials": [
                    {
                        "server": "examprepcr.azurecr.io",
                        "username": "examprepcr"
                    }
                ],
                "ipAddress": {
                    "ports": [
                        {
                            "protocol": "TCP",
                            "port": 80
                        }
                    ],
                    "ip": "20.82.233.32",
                    "type": "Public",
                    "dnsNameLabel": "exam-php-app",
                    "autoGeneratedDomainNameLabelScope": "Unsecure"
                },
                "osType": "Linux"
            }
        },
        {
            "type": "Microsoft.ContainerRegistry/registries",
            "apiVersion": "2025-05-01-preview",
            "name": "[parameters('registries_examprepcr_name')]",
            "location": "northeurope",
            "tags": {
                "purpose": "exam"
            },
            "sku": {
                "name": "Basic",
                "tier": "Basic"
            },
            "properties": {
                "adminUserEnabled": true,
                "policies": {
                    "quarantinePolicy": {
                        "status": "disabled"
                    },
                    "trustPolicy": {
                        "type": "Notary",
                        "status": "disabled"
                    },
                    "retentionPolicy": {
                        "days": 7,
                        "status": "disabled"
                    },
                    "exportPolicy": {
                        "status": "enabled"
                    },
                    "azureADAuthenticationAsArmPolicy": {
                        "status": "enabled"
                    },
                    "softDeletePolicy": {
                        "retentionDays": 7,
                        "status": "disabled"
                    }
                },
                "encryption": {
                    "status": "disabled"
                },
                "dataEndpointEnabled": false,
                "publicNetworkAccess": "Enabled",
                "networkRuleBypassOptions": "AzureServices",
                "networkRuleBypassAllowedForTasks": false,
                "zoneRedundancy": "Disabled",
                "anonymousPullEnabled": false,
                "metadataSearch": "Disabled",
                "roleAssignmentMode": "LegacyRegistryPermissions",
                "autoGeneratedDomainNameLabelScope": "Unsecure"
            }
        },
        {
            "type": "Microsoft.Network/networkSecurityGroups",
            "apiVersion": "2024-07-01",
            "name": "[parameters('networkSecurityGroups_SG_VM_name')]",
            "location": "northeurope",
            "properties": {
                "securityRules": [
                    {
                        "name": "Rule-SSH",
                        "id": "[resourceId('Microsoft.Network/networkSecurityGroups/securityRules', parameters('networkSecurityGroups_SG_VM_name'), 'Rule-SSH')]",
                        "type": "Microsoft.Network/networkSecurityGroups/securityRules",
                        "properties": {
                            "protocol": "Tcp",
                            "sourcePortRange": "*",
                            "destinationPortRange": "22",
                            "sourceAddressPrefix": "*",
                            "destinationAddressPrefix": "*",
                            "access": "Allow",
                            "priority": 100,
                            "direction": "Inbound",
                            "sourcePortRanges": [],
                            "destinationPortRanges": [],
                            "sourceAddressPrefixes": [],
                            "destinationAddressPrefixes": []
                        }
                    },
                    {
                        "name": "Rule-HTTP",
                        "id": "[resourceId('Microsoft.Network/networkSecurityGroups/securityRules', parameters('networkSecurityGroups_SG_VM_name'), 'Rule-HTTP')]",
                        "type": "Microsoft.Network/networkSecurityGroups/securityRules",
                        "properties": {
                            "protocol": "Tcp",
                            "sourcePortRange": "*",
                            "destinationPortRange": "80",
                            "sourceAddressPrefix": "*",
                            "destinationAddressPrefix": "*",
                            "access": "Allow",
                            "priority": 101,
                            "direction": "Inbound",
                            "sourcePortRanges": [],
                            "destinationPortRanges": [],
                            "sourceAddressPrefixes": [],
                            "destinationAddressPrefixes": []
                        }
                    }
                ]
            }
        },
        {
            "type": "Microsoft.Network/publicIPAddresses",
            "apiVersion": "2024-07-01",
            "name": "[parameters('publicIPAddresses_LBP_IP_name')]",
            "location": "northeurope",
            "sku": {
                "name": "Standard",
                "tier": "Regional"
            },
            "properties": {
                "ipAddress": "74.234.105.51",
                "publicIPAddressVersion": "IPv4",
                "publicIPAllocationMethod": "Static",
                "idleTimeoutInMinutes": 4,
                "ipTags": [],
                "ddosSettings": {
                    "protectionMode": "VirtualNetworkInherited"
                }
            }
        },
        {
            "type": "Microsoft.Sql/servers",
            "apiVersion": "2024-05-01-preview",
            "name": "[parameters('servers_exam_sql_server_name')]",
            "location": "northeurope",
            "kind": "v12.0",
            "properties": {
                "administratorLogin": "tonytech",
                "version": "12.0",
                "minimalTlsVersion": "1.2",
                "publicNetworkAccess": "Enabled",
                "restrictOutboundNetworkAccess": "Disabled"
            }
        },
        {
            "type": "Microsoft.Web/serverfarms",
            "apiVersion": "2024-11-01",
            "name": "[parameters('serverfarms_asp_exam_name')]",
            "location": "North Europe",
            "sku": {
                "name": "B1",
                "tier": "Basic",
                "size": "B1",
                "family": "B",
                "capacity": 1
            },
            "kind": "linux",
            "properties": {
                "perSiteScaling": false,
                "elasticScaleEnabled": false,
                "maximumElasticWorkerCount": 1,
                "isSpot": false,
                "freeOfferExpirationTime": "2025-11-25T08:26:25.97",
                "reserved": true,
                "isXenon": false,
                "hyperV": false,
                "targetWorkerCount": 0,
                "targetWorkerSizeId": 0,
                "zoneRedundant": false,
                "asyncScalingEnabled": false
            }
        },
        {
            "type": "Microsoft.ContainerRegistry/registries/scopeMaps",
            "apiVersion": "2025-05-01-preview",
            "name": "[concat(parameters('registries_examprepcr_name'), '/_repositories_admin')]",
            "dependsOn": [
                "[resourceId('Microsoft.ContainerRegistry/registries', parameters('registries_examprepcr_name'))]"
            ],
            "properties": {
                "description": "Can perform all read, write and delete operations on the registry",
                "actions": [
                    "repositories/*/metadata/read",
                    "repositories/*/metadata/write",
                    "repositories/*/content/read",
                    "repositories/*/content/write",
                    "repositories/*/content/delete"
                ]
            }
        },
        {
            "type": "Microsoft.ContainerRegistry/registries/scopeMaps",
            "apiVersion": "2025-05-01-preview",
            "name": "[concat(parameters('registries_examprepcr_name'), '/_repositories_pull')]",
            "dependsOn": [
                "[resourceId('Microsoft.ContainerRegistry/registries', parameters('registries_examprepcr_name'))]"
            ],
            "properties": {
                "description": "Can pull any repository of the registry",
                "actions": [
                    "repositories/*/content/read"
                ]
            }
        },
        {
            "type": "Microsoft.ContainerRegistry/registries/scopeMaps",
            "apiVersion": "2025-05-01-preview",
            "name": "[concat(parameters('registries_examprepcr_name'), '/_repositories_pull_metadata_read')]",
            "dependsOn": [
                "[resourceId('Microsoft.ContainerRegistry/registries', parameters('registries_examprepcr_name'))]"
            ],
            "properties": {
                "description": "Can perform all read operations on the registry",
                "actions": [
                    "repositories/*/content/read",
                    "repositories/*/metadata/read"
                ]
            }
        },
        {
            "type": "Microsoft.ContainerRegistry/registries/scopeMaps",
            "apiVersion": "2025-05-01-preview",
            "name": "[concat(parameters('registries_examprepcr_name'), '/_repositories_push')]",
            "dependsOn": [
                "[resourceId('Microsoft.ContainerRegistry/registries', parameters('registries_examprepcr_name'))]"
            ],
            "properties": {
                "description": "Can push to any repository of the registry",
                "actions": [
                    "repositories/*/content/read",
                    "repositories/*/content/write"
                ]
            }
        },
        {
            "type": "Microsoft.ContainerRegistry/registries/scopeMaps",
            "apiVersion": "2025-05-01-preview",
            "name": "[concat(parameters('registries_examprepcr_name'), '/_repositories_push_metadata_write')]",
            "dependsOn": [
                "[resourceId('Microsoft.ContainerRegistry/registries', parameters('registries_examprepcr_name'))]"
            ],
            "properties": {
                "description": "Can perform all read and write operations on the registry",
                "actions": [
                    "repositories/*/metadata/read",
                    "repositories/*/metadata/write",
                    "repositories/*/content/read",
                    "repositories/*/content/write"
                ]
            }
        },
        {
            "type": "Microsoft.Network/loadBalancers",
            "apiVersion": "2024-07-01",
            "name": "[parameters('loadBalancers_LBP_name')]",
            "location": "northeurope",
            "dependsOn": [
                "[resourceId('Microsoft.Network/publicIPAddresses', parameters('publicIPAddresses_LBP_IP_name'))]"
            ],
            "sku": {
                "name": "Standard",
                "tier": "Regional"
            },
            "properties": {
                "frontendIPConfigurations": [
                    {
                        "name": "[concat(parameters('loadBalancers_LBP_name'), '-FE')]",
                        "id": "[concat(resourceId('Microsoft.Network/loadBalancers', parameters('loadBalancers_LBP_name')), concat('/frontendIPConfigurations/', parameters('loadBalancers_LBP_name'), '-FE'))]",
                        "properties": {
                            "privateIPAllocationMethod": "Dynamic",
                            "publicIPAddress": {
                                "id": "[resourceId('Microsoft.Network/publicIPAddresses', parameters('publicIPAddresses_LBP_IP_name'))]"
                            }
                        }
                    }
                ],
                "backendAddressPools": [
                    {
                        "name": "[concat(parameters('loadBalancers_LBP_name'), '-BEP')]",
                        "id": "[resourceId('Microsoft.Network/loadBalancers/backendAddressPools', parameters('loadBalancers_LBP_name'), concat(parameters('loadBalancers_LBP_name'), '-BEP'))]",
                        "properties": {
                            "loadBalancerBackendAddresses": [
                                {
                                    "name": "RG-SolutionA_VM-1VMNicipconfigVM-1",
                                    "properties": {}
                                },
                                {
                                    "name": "RG-SolutionA_VM-2VMNicipconfigVM-2",
                                    "properties": {}
                                }
                            ]
                        }
                    }
                ],
                "loadBalancingRules": [
                    {
                        "name": "[concat(parameters('loadBalancers_LBP_name'), '-RULE')]",
                        "id": "[concat(resourceId('Microsoft.Network/loadBalancers', parameters('loadBalancers_LBP_name')), concat('/loadBalancingRules/', parameters('loadBalancers_LBP_name'), '-RULE'))]",
                        "properties": {
                            "frontendIPConfiguration": {
                                "id": "[concat(resourceId('Microsoft.Network/loadBalancers', parameters('loadBalancers_LBP_name')), concat('/frontendIPConfigurations/', parameters('loadBalancers_LBP_name'), '-FE'))]"
                            },
                            "frontendPort": 80,
                            "backendPort": 80,
                            "enableFloatingIP": false,
                            "idleTimeoutInMinutes": 4,
                            "protocol": "Tcp",
                            "enableTcpReset": false,
                            "loadDistribution": "Default",
                            "disableOutboundSnat": true,
                            "enableConnectionTracking": false,
                            "backendAddressPool": {
                                "id": "[resourceId('Microsoft.Network/loadBalancers/backendAddressPools', parameters('loadBalancers_LBP_name'), concat(parameters('loadBalancers_LBP_name'), '-BEP'))]"
                            },
                            "backendAddressPools": [
                                {
                                    "id": "[resourceId('Microsoft.Network/loadBalancers/backendAddressPools', parameters('loadBalancers_LBP_name'), concat(parameters('loadBalancers_LBP_name'), '-BEP'))]"
                                }
                            ],
                            "probe": {
                                "id": "[concat(resourceId('Microsoft.Network/loadBalancers', parameters('loadBalancers_LBP_name')), concat('/probes/', parameters('loadBalancers_LBP_name'), '-HP'))]"
                            }
                        }
                    }
                ],
                "probes": [
                    {
                        "name": "[concat(parameters('loadBalancers_LBP_name'), '-HP')]",
                        "id": "[concat(resourceId('Microsoft.Network/loadBalancers', parameters('loadBalancers_LBP_name')), concat('/probes/', parameters('loadBalancers_LBP_name'), '-HP'))]",
                        "properties": {
                            "protocol": "Tcp",
                            "port": 80,
                            "intervalInSeconds": 15,
                            "numberOfProbes": 2,
                            "probeThreshold": 1,
                            "noHealthyBackendsBehavior": "AllProbedDown"
                        }
                    }
                ],
                "inboundNatRules": [
                    {
                        "name": "[concat(parameters('loadBalancers_LBP_name'), '-NAT-SSH-1')]",
                        "id": "[resourceId('Microsoft.Network/loadBalancers/inboundNatRules', parameters('loadBalancers_LBP_name'), concat(parameters('loadBalancers_LBP_name'), '-NAT-SSH-1'))]",
                        "properties": {
                            "frontendIPConfiguration": {
                                "id": "[concat(resourceId('Microsoft.Network/loadBalancers', parameters('loadBalancers_LBP_name')), concat('/frontendIPConfigurations/', parameters('loadBalancers_LBP_name'), '-FE'))]"
                            },
                            "frontendPort": 10122,
                            "backendPort": 22,
                            "enableFloatingIP": false,
                            "idleTimeoutInMinutes": 4,
                            "protocol": "Tcp",
                            "enableTcpReset": false
                        }
                    },
                    {
                        "name": "[concat(parameters('loadBalancers_LBP_name'), '-NAT-SSH-2')]",
                        "id": "[resourceId('Microsoft.Network/loadBalancers/inboundNatRules', parameters('loadBalancers_LBP_name'), concat(parameters('loadBalancers_LBP_name'), '-NAT-SSH-2'))]",
                        "properties": {
                            "frontendIPConfiguration": {
                                "id": "[concat(resourceId('Microsoft.Network/loadBalancers', parameters('loadBalancers_LBP_name')), concat('/frontendIPConfigurations/', parameters('loadBalancers_LBP_name'), '-FE'))]"
                            },
                            "frontendPort": 10222,
                            "backendPort": 22,
                            "enableFloatingIP": false,
                            "idleTimeoutInMinutes": 4,
                            "protocol": "Tcp",
                            "enableTcpReset": false
                        }
                    }
                ],
                "outboundRules": [
                    {
                        "name": "[concat(parameters('loadBalancers_LBP_name'), '-OUT')]",
                        "id": "[concat(resourceId('Microsoft.Network/loadBalancers', parameters('loadBalancers_LBP_name')), concat('/outboundRules/', parameters('loadBalancers_LBP_name'), '-OUT'))]",
                        "properties": {
                            "allocatedOutboundPorts": 1024,
                            "protocol": "Tcp",
                            "enableTcpReset": false,
                            "idleTimeoutInMinutes": 30,
                            "backendAddressPool": {
                                "id": "[resourceId('Microsoft.Network/loadBalancers/backendAddressPools', parameters('loadBalancers_LBP_name'), concat(parameters('loadBalancers_LBP_name'), '-BEP'))]"
                            },
                            "frontendIPConfigurations": [
                                {
                                    "id": "[concat(resourceId('Microsoft.Network/loadBalancers', parameters('loadBalancers_LBP_name')), concat('/frontendIPConfigurations/', parameters('loadBalancers_LBP_name'), '-FE'))]"
                                }
                            ]
                        }
                    }
                ],
                "inboundNatPools": []
            }
        },
        {
            "type": "Microsoft.Network/loadBalancers/backendAddressPools",
            "apiVersion": "2024-07-01",
            "name": "[concat(parameters('loadBalancers_LBP_name'), '/', parameters('loadBalancers_LBP_name'), '-BEP')]",
            "dependsOn": [
                "[resourceId('Microsoft.Network/loadBalancers', parameters('loadBalancers_LBP_name'))]"
            ],
            "properties": {
                "loadBalancerBackendAddresses": [
                    {
                        "name": "RG-SolutionA_VM-1VMNicipconfigVM-1",
                        "properties": {}
                    },
                    {
                        "name": "RG-SolutionA_VM-2VMNicipconfigVM-2",
                        "properties": {}
                    }
                ]
            }
        },
        {
            "type": "Microsoft.Network/loadBalancers/inboundNatRules",
            "apiVersion": "2024-07-01",
            "name": "[concat(parameters('loadBalancers_LBP_name'), '/', parameters('loadBalancers_LBP_name'), '-NAT-SSH-1')]",
            "dependsOn": [
                "[resourceId('Microsoft.Network/loadBalancers', parameters('loadBalancers_LBP_name'))]"
            ],
            "properties": {
                "frontendIPConfiguration": {
                    "id": "[concat(resourceId('Microsoft.Network/loadBalancers', parameters('loadBalancers_LBP_name')), '/frontendIPConfigurations/LBP-FE')]"
                },
                "frontendPort": 10122,
                "backendPort": 22,
                "enableFloatingIP": false,
                "idleTimeoutInMinutes": 4,
                "protocol": "Tcp",
                "enableTcpReset": false
            }
        },
        {
            "type": "Microsoft.Network/loadBalancers/inboundNatRules",
            "apiVersion": "2024-07-01",
            "name": "[concat(parameters('loadBalancers_LBP_name'), '/', parameters('loadBalancers_LBP_name'), '-NAT-SSH-2')]",
            "dependsOn": [
                "[resourceId('Microsoft.Network/loadBalancers', parameters('loadBalancers_LBP_name'))]"
            ],
            "properties": {
                "frontendIPConfiguration": {
                    "id": "[concat(resourceId('Microsoft.Network/loadBalancers', parameters('loadBalancers_LBP_name')), '/frontendIPConfigurations/LBP-FE')]"
                },
                "frontendPort": 10222,
                "backendPort": 22,
                "enableFloatingIP": false,
                "idleTimeoutInMinutes": 4,
                "protocol": "Tcp",
                "enableTcpReset": false
            }
        },
        {
            "type": "Microsoft.Network/networkSecurityGroups/securityRules",
            "apiVersion": "2024-07-01",
            "name": "[concat(parameters('networkSecurityGroups_SG_VM_name'), '/Rule-HTTP')]",
            "dependsOn": [
                "[resourceId('Microsoft.Network/networkSecurityGroups', parameters('networkSecurityGroups_SG_VM_name'))]"
            ],
            "properties": {
                "protocol": "Tcp",
                "sourcePortRange": "*",
                "destinationPortRange": "80",
                "sourceAddressPrefix": "*",
                "destinationAddressPrefix": "*",
                "access": "Allow",
                "priority": 101,
                "direction": "Inbound",
                "sourcePortRanges": [],
                "destinationPortRanges": [],
                "sourceAddressPrefixes": [],
                "destinationAddressPrefixes": []
            }
        },
        {
            "type": "Microsoft.Network/networkSecurityGroups/securityRules",
            "apiVersion": "2024-07-01",
            "name": "[concat(parameters('networkSecurityGroups_SG_VM_name'), '/Rule-SSH')]",
            "dependsOn": [
                "[resourceId('Microsoft.Network/networkSecurityGroups', parameters('networkSecurityGroups_SG_VM_name'))]"
            ],
            "properties": {
                "protocol": "Tcp",
                "sourcePortRange": "*",
                "destinationPortRange": "22",
                "sourceAddressPrefix": "*",
                "destinationAddressPrefix": "*",
                "access": "Allow",
                "priority": 100,
                "direction": "Inbound",
                "sourcePortRanges": [],
                "destinationPortRanges": [],
                "sourceAddressPrefixes": [],
                "destinationAddressPrefixes": []
            }
        },
        {
            "type": "Microsoft.Network/virtualNetworks",
            "apiVersion": "2024-07-01",
            "name": "[parameters('virtualNetworks_NET_name')]",
            "location": "northeurope",
            "dependsOn": [
                "[resourceId('Microsoft.Network/networkSecurityGroups', parameters('networkSecurityGroups_SG_VM_name'))]"
            ],
            "properties": {
                "addressSpace": {
                    "addressPrefixes": [
                        "10.0.0.0/16"
                    ]
                },
                "privateEndpointVNetPolicies": "Disabled",
                "subnets": [
                    {
                        "name": "[concat(parameters('virtualNetworks_NET_name'), '-SUB-VM')]",
                        "id": "[resourceId('Microsoft.Network/virtualNetworks/subnets', parameters('virtualNetworks_NET_name'), concat(parameters('virtualNetworks_NET_name'), '-SUB-VM'))]",
                        "properties": {
                            "addressPrefix": "10.0.1.0/24",
                            "networkSecurityGroup": {
                                "id": "[resourceId('Microsoft.Network/networkSecurityGroups', parameters('networkSecurityGroups_SG_VM_name'))]"
                            },
                            "delegations": [],
                            "privateEndpointNetworkPolicies": "Disabled",
                            "privateLinkServiceNetworkPolicies": "Enabled"
                        },
                        "type": "Microsoft.Network/virtualNetworks/subnets"
                    }
                ],
                "virtualNetworkPeerings": [],
                "enableDdosProtection": false
            }
        },
        {
            "type": "Microsoft.Sql/servers/advancedThreatProtectionSettings",
            "apiVersion": "2024-05-01-preview",
            "name": "[concat(parameters('servers_exam_sql_server_name'), '/Default')]",
            "dependsOn": [
                "[resourceId('Microsoft.Sql/servers', parameters('servers_exam_sql_server_name'))]"
            ],
            "properties": {
                "state": "Disabled"
            }
        },
        {
            "type": "Microsoft.Sql/servers/advisors",
            "apiVersion": "2014-04-01",
            "name": "[concat(parameters('servers_exam_sql_server_name'), '/CreateIndex')]",
            "dependsOn": [
                "[resourceId('Microsoft.Sql/servers', parameters('servers_exam_sql_server_name'))]"
            ],
            "properties": {
                "autoExecuteValue": "Disabled"
            }
        },
        {
            "type": "Microsoft.Sql/servers/advisors",
            "apiVersion": "2014-04-01",
            "name": "[concat(parameters('servers_exam_sql_server_name'), '/DbParameterization')]",
            "dependsOn": [
                "[resourceId('Microsoft.Sql/servers', parameters('servers_exam_sql_server_name'))]"
            ],
            "properties": {
                "autoExecuteValue": "Disabled"
            }
        },
        {
            "type": "Microsoft.Sql/servers/advisors",
            "apiVersion": "2014-04-01",
            "name": "[concat(parameters('servers_exam_sql_server_name'), '/DefragmentIndex')]",
            "dependsOn": [
                "[resourceId('Microsoft.Sql/servers', parameters('servers_exam_sql_server_name'))]"
            ],
            "properties": {
                "autoExecuteValue": "Disabled"
            }
        },
        {
            "type": "Microsoft.Sql/servers/advisors",
            "apiVersion": "2014-04-01",
            "name": "[concat(parameters('servers_exam_sql_server_name'), '/DropIndex')]",
            "dependsOn": [
                "[resourceId('Microsoft.Sql/servers', parameters('servers_exam_sql_server_name'))]"
            ],
            "properties": {
                "autoExecuteValue": "Disabled"
            }
        },
        {
            "type": "Microsoft.Sql/servers/advisors",
            "apiVersion": "2014-04-01",
            "name": "[concat(parameters('servers_exam_sql_server_name'), '/ForceLastGoodPlan')]",
            "dependsOn": [
                "[resourceId('Microsoft.Sql/servers', parameters('servers_exam_sql_server_name'))]"
            ],
            "properties": {
                "autoExecuteValue": "Enabled"
            }
        },
        {
            "type": "Microsoft.Sql/servers/auditingPolicies",
            "apiVersion": "2014-04-01",
            "name": "[concat(parameters('servers_exam_sql_server_name'), '/Default')]",
            "location": "North Europe",
            "dependsOn": [
                "[resourceId('Microsoft.Sql/servers', parameters('servers_exam_sql_server_name'))]"
            ],
            "properties": {
                "auditingState": "Disabled"
            }
        },
        {
            "type": "Microsoft.Sql/servers/auditingSettings",
            "apiVersion": "2024-05-01-preview",
            "name": "[concat(parameters('servers_exam_sql_server_name'), '/Default')]",
            "dependsOn": [
                "[resourceId('Microsoft.Sql/servers', parameters('servers_exam_sql_server_name'))]"
            ],
            "properties": {
                "retentionDays": 0,
                "auditActionsAndGroups": [],
                "isStorageSecondaryKeyInUse": false,
                "isAzureMonitorTargetEnabled": false,
                "isManagedIdentityInUse": false,
                "state": "Disabled",
                "storageAccountSubscriptionId": "00000000-0000-0000-0000-000000000000"
            }
        },
        {
            "type": "Microsoft.Sql/servers/connectionPolicies",
            "apiVersion": "2024-05-01-preview",
            "name": "[concat(parameters('servers_exam_sql_server_name'), '/default')]",
            "location": "northeurope",
            "dependsOn": [
                "[resourceId('Microsoft.Sql/servers', parameters('servers_exam_sql_server_name'))]"
            ],
            "properties": {
                "connectionType": "Default"
            }
        },
        {
            "type": "Microsoft.Sql/servers/databases",
            "apiVersion": "2024-05-01-preview",
            "name": "[concat(parameters('servers_exam_sql_server_name'), '/DB')]",
            "location": "northeurope",
            "dependsOn": [
                "[resourceId('Microsoft.Sql/servers', parameters('servers_exam_sql_server_name'))]"
            ],
            "sku": {
                "name": "Basic",
                "tier": "Basic",
                "capacity": 5
            },
            "kind": "v12.0,user",
            "properties": {
                "collation": "SQL_Latin1_General_CP1_CI_AS",
                "maxSizeBytes": 2147483648,
                "catalogCollation": "SQL_Latin1_General_CP1_CI_AS",
                "zoneRedundant": false,
                "readScale": "Disabled",
                "requestedBackupStorageRedundancy": "Local",
                "maintenanceConfigurationId": "/subscriptions/ede4771c-fc75-42d7-9d7f-e2250e8cf5d4/providers/Microsoft.Maintenance/publicMaintenanceConfigurations/SQL_Default",
                "isLedgerOn": false,
                "availabilityZone": "NoPreference"
            }
        },
        {
            "type": "Microsoft.Sql/servers/databases/advancedThreatProtectionSettings",
            "apiVersion": "2024-05-01-preview",
            "name": "[concat(parameters('servers_exam_sql_server_name'), '/master/Default')]",
            "dependsOn": [
                "[resourceId('Microsoft.Sql/servers', parameters('servers_exam_sql_server_name'))]"
            ],
            "properties": {
                "state": "Disabled"
            }
        },
        {
            "type": "Microsoft.Sql/servers/databases/auditingPolicies",
            "apiVersion": "2014-04-01",
            "name": "[concat(parameters('servers_exam_sql_server_name'), '/master/Default')]",
            "location": "North Europe",
            "dependsOn": [
                "[resourceId('Microsoft.Sql/servers', parameters('servers_exam_sql_server_name'))]"
            ],
            "properties": {
                "auditingState": "Disabled"
            }
        },
        {
            "type": "Microsoft.Sql/servers/databases/auditingSettings",
            "apiVersion": "2024-05-01-preview",
            "name": "[concat(parameters('servers_exam_sql_server_name'), '/master/Default')]",
            "dependsOn": [
                "[resourceId('Microsoft.Sql/servers', parameters('servers_exam_sql_server_name'))]"
            ],
            "properties": {
                "retentionDays": 0,
                "isAzureMonitorTargetEnabled": false,
                "state": "Disabled",
                "storageAccountSubscriptionId": "00000000-0000-0000-0000-000000000000"
            }
        },
        {
            "type": "Microsoft.Sql/servers/databases/extendedAuditingSettings",
            "apiVersion": "2024-05-01-preview",
            "name": "[concat(parameters('servers_exam_sql_server_name'), '/master/Default')]",
            "dependsOn": [
                "[resourceId('Microsoft.Sql/servers', parameters('servers_exam_sql_server_name'))]"
            ],
            "properties": {
                "retentionDays": 0,
                "isAzureMonitorTargetEnabled": false,
                "state": "Disabled",
                "storageAccountSubscriptionId": "00000000-0000-0000-0000-000000000000"
            }
        },
        {
            "type": "Microsoft.Sql/servers/databases/geoBackupPolicies",
            "apiVersion": "2024-05-01-preview",
            "name": "[concat(parameters('servers_exam_sql_server_name'), '/master/Default')]",
            "dependsOn": [
                "[resourceId('Microsoft.Sql/servers', parameters('servers_exam_sql_server_name'))]"
            ],
            "properties": {
                "state": "Disabled"
            }
        },
        {
            "type": "Microsoft.Sql/servers/databases/ledgerDigestUploads",
            "apiVersion": "2024-05-01-preview",
            "name": "[concat(parameters('servers_exam_sql_server_name'), '/master/Current')]",
            "dependsOn": [
                "[resourceId('Microsoft.Sql/servers', parameters('servers_exam_sql_server_name'))]"
            ],
            "properties": {}
        },
        {
            "type": "Microsoft.Sql/servers/databases/securityAlertPolicies",
            "apiVersion": "2024-05-01-preview",
            "name": "[concat(parameters('servers_exam_sql_server_name'), '/master/Default')]",
            "dependsOn": [
                "[resourceId('Microsoft.Sql/servers', parameters('servers_exam_sql_server_name'))]"
            ],
            "properties": {
                "state": "Disabled",
                "disabledAlerts": [
                    ""
                ],
                "emailAddresses": [
                    ""
                ],
                "emailAccountAdmins": false,
                "retentionDays": 0
            }
        },
        {
            "type": "Microsoft.Sql/servers/databases/transparentDataEncryption",
            "apiVersion": "2024-05-01-preview",
            "name": "[concat(parameters('servers_exam_sql_server_name'), '/master/Current')]",
            "dependsOn": [
                "[resourceId('Microsoft.Sql/servers', parameters('servers_exam_sql_server_name'))]"
            ],
            "properties": {
                "state": "Disabled"
            }
        },
        {
            "type": "Microsoft.Sql/servers/databases/vulnerabilityAssessments",
            "apiVersion": "2024-05-01-preview",
            "name": "[concat(parameters('servers_exam_sql_server_name'), '/master/Default')]",
            "dependsOn": [
                "[resourceId('Microsoft.Sql/servers', parameters('servers_exam_sql_server_name'))]"
            ],
            "properties": {
                "recurringScans": {
                    "isEnabled": false,
                    "emailSubscriptionAdmins": true
                }
            }
        },
        {
            "type": "Microsoft.Sql/servers/devOpsAuditingSettings",
            "apiVersion": "2024-05-01-preview",
            "name": "[concat(parameters('servers_exam_sql_server_name'), '/Default')]",
            "dependsOn": [
                "[resourceId('Microsoft.Sql/servers', parameters('servers_exam_sql_server_name'))]"
            ],
            "properties": {
                "isAzureMonitorTargetEnabled": false,
                "isManagedIdentityInUse": false,
                "state": "Disabled",
                "storageAccountSubscriptionId": "00000000-0000-0000-0000-000000000000"
            }
        },
        {
            "type": "Microsoft.Sql/servers/encryptionProtector",
            "apiVersion": "2024-05-01-preview",
            "name": "[concat(parameters('servers_exam_sql_server_name'), '/current')]",
            "dependsOn": [
                "[resourceId('Microsoft.Sql/servers', parameters('servers_exam_sql_server_name'))]"
            ],
            "kind": "servicemanaged",
            "properties": {
                "serverKeyName": "ServiceManaged",
                "serverKeyType": "ServiceManaged",
                "autoRotationEnabled": false
            }
        },
        {
            "type": "Microsoft.Sql/servers/extendedAuditingSettings",
            "apiVersion": "2024-05-01-preview",
            "name": "[concat(parameters('servers_exam_sql_server_name'), '/Default')]",
            "dependsOn": [
                "[resourceId('Microsoft.Sql/servers', parameters('servers_exam_sql_server_name'))]"
            ],
            "properties": {
                "retentionDays": 0,
                "auditActionsAndGroups": [],
                "isStorageSecondaryKeyInUse": false,
                "isAzureMonitorTargetEnabled": false,
                "isManagedIdentityInUse": false,
                "state": "Disabled",
                "storageAccountSubscriptionId": "00000000-0000-0000-0000-000000000000"
            }
        },
        {
            "type": "Microsoft.Sql/servers/firewallRules",
            "apiVersion": "2024-05-01-preview",
            "name": "[concat(parameters('servers_exam_sql_server_name'), '/AllowAzureServices')]",
            "dependsOn": [
                "[resourceId('Microsoft.Sql/servers', parameters('servers_exam_sql_server_name'))]"
            ],
            "properties": {
                "startIpAddress": "0.0.0.0",
                "endIpAddress": "0.0.0.0"
            }
        },
        {
            "type": "Microsoft.Sql/servers/firewallRules",
            "apiVersion": "2024-05-01-preview",
            "name": "[concat(parameters('servers_exam_sql_server_name'), '/AllowClientIP')]",
            "dependsOn": [
                "[resourceId('Microsoft.Sql/servers', parameters('servers_exam_sql_server_name'))]"
            ],
            "properties": {
                "startIpAddress": "46.10.209.232",
                "endIpAddress": "46.10.209.232"
            }
        },
        {
            "type": "Microsoft.Sql/servers/keys",
            "apiVersion": "2024-05-01-preview",
            "name": "[concat(parameters('servers_exam_sql_server_name'), '/ServiceManaged')]",
            "dependsOn": [
                "[resourceId('Microsoft.Sql/servers', parameters('servers_exam_sql_server_name'))]"
            ],
            "kind": "servicemanaged",
            "properties": {
                "serverKeyType": "ServiceManaged"
            }
        },
        {
            "type": "Microsoft.Sql/servers/securityAlertPolicies",
            "apiVersion": "2024-05-01-preview",
            "name": "[concat(parameters('servers_exam_sql_server_name'), '/Default')]",
            "dependsOn": [
                "[resourceId('Microsoft.Sql/servers', parameters('servers_exam_sql_server_name'))]"
            ],
            "properties": {
                "state": "Disabled",
                "disabledAlerts": [
                    ""
                ],
                "emailAddresses": [
                    ""
                ],
                "emailAccountAdmins": false,
                "retentionDays": 0
            }
        },
        {
            "type": "Microsoft.Sql/servers/sqlVulnerabilityAssessments",
            "apiVersion": "2024-05-01-preview",
            "name": "[concat(parameters('servers_exam_sql_server_name'), '/Default')]",
            "dependsOn": [
                "[resourceId('Microsoft.Sql/servers', parameters('servers_exam_sql_server_name'))]"
            ],
            "properties": {
                "state": "Disabled"
            }
        },
        {
            "type": "Microsoft.Sql/servers/vulnerabilityAssessments",
            "apiVersion": "2024-05-01-preview",
            "name": "[concat(parameters('servers_exam_sql_server_name'), '/Default')]",
            "dependsOn": [
                "[resourceId('Microsoft.Sql/servers', parameters('servers_exam_sql_server_name'))]"
            ],
            "properties": {
                "recurringScans": {
                    "isEnabled": false,
                    "emailSubscriptionAdmins": true
                },
                "storageContainerPath": "[parameters('vulnerabilityAssessments_Default_storageContainerPath')]"
            }
        },
        {
            "type": "Microsoft.Web/sites",
            "apiVersion": "2024-11-01",
            "name": "[parameters('sites_exam_web_app2_name')]",
            "location": "North Europe",
            "dependsOn": [
                "[resourceId('Microsoft.Web/serverfarms', parameters('serverfarms_asp_exam_name'))]"
            ],
            "kind": "app,linux",
            "properties": {
                "enabled": true,
                "hostNameSslStates": [
                    {
                        "name": "[concat(parameters('sites_exam_web_app2_name'), '.azurewebsites.net')]",
                        "sslState": "Disabled",
                        "hostType": "Standard"
                    },
                    {
                        "name": "[concat(parameters('sites_exam_web_app2_name'), '.scm.azurewebsites.net')]",
                        "sslState": "Disabled",
                        "hostType": "Repository"
                    }
                ],
                "serverFarmId": "[resourceId('Microsoft.Web/serverfarms', parameters('serverfarms_asp_exam_name'))]",
                "reserved": true,
                "isXenon": false,
                "hyperV": false,
                "dnsConfiguration": {},
                "outboundVnetRouting": {
                    "allTraffic": false,
                    "applicationTraffic": false,
                    "contentShareTraffic": false,
                    "imagePullTraffic": false,
                    "backupRestoreTraffic": false
                },
                "siteConfig": {
                    "numberOfWorkers": 1,
                    "linuxFxVersion": "PHP|8.3",
                    "acrUseManagedIdentityCreds": false,
                    "alwaysOn": false,
                    "http20Enabled": true,
                    "functionAppScaleLimit": 0,
                    "minimumElasticInstanceCount": 0
                },
                "scmSiteAlsoStopped": false,
                "clientAffinityEnabled": true,
                "clientAffinityProxyEnabled": false,
                "clientCertEnabled": false,
                "clientCertMode": "Required",
                "hostNamesDisabled": false,
                "ipMode": "IPv4",
                "customDomainVerificationId": "5DB84B51203318305B53148A135BFA622CA58C809FFC0A7A433BE25EB259D262",
                "containerSize": 0,
                "dailyMemoryTimeQuota": 0,
                "httpsOnly": false,
                "endToEndEncryptionEnabled": false,
                "redundancyMode": "None",
                "publicNetworkAccess": "Enabled",
                "storageAccountRequired": false,
                "keyVaultReferenceIdentity": "SystemAssigned"
            }
        },
        {
            "type": "Microsoft.Web/sites",
            "apiVersion": "2024-11-01",
            "name": "[parameters('sites_exam_web_app3_name')]",
            "location": "North Europe",
            "dependsOn": [
                "[resourceId('Microsoft.Web/serverfarms', parameters('serverfarms_asp_exam_name'))]"
            ],
            "kind": "app,linux",
            "properties": {
                "enabled": true,
                "hostNameSslStates": [
                    {
                        "name": "[concat(parameters('sites_exam_web_app3_name'), '.azurewebsites.net')]",
                        "sslState": "Disabled",
                        "hostType": "Standard"
                    },
                    {
                        "name": "[concat(parameters('sites_exam_web_app3_name'), '.scm.azurewebsites.net')]",
                        "sslState": "Disabled",
                        "hostType": "Repository"
                    }
                ],
                "serverFarmId": "[resourceId('Microsoft.Web/serverfarms', parameters('serverfarms_asp_exam_name'))]",
                "reserved": true,
                "isXenon": false,
                "hyperV": false,
                "dnsConfiguration": {},
                "outboundVnetRouting": {
                    "allTraffic": false,
                    "applicationTraffic": false,
                    "contentShareTraffic": false,
                    "imagePullTraffic": false,
                    "backupRestoreTraffic": false
                },
                "siteConfig": {
                    "numberOfWorkers": 1,
                    "linuxFxVersion": "PHP|8.3",
                    "acrUseManagedIdentityCreds": false,
                    "alwaysOn": false,
                    "http20Enabled": true,
                    "functionAppScaleLimit": 0,
                    "minimumElasticInstanceCount": 0
                },
                "scmSiteAlsoStopped": false,
                "clientAffinityEnabled": true,
                "clientAffinityProxyEnabled": false,
                "clientCertEnabled": false,
                "clientCertMode": "Required",
                "hostNamesDisabled": false,
                "ipMode": "IPv4",
                "customDomainVerificationId": "5DB84B51203318305B53148A135BFA622CA58C809FFC0A7A433BE25EB259D262",
                "containerSize": 0,
                "dailyMemoryTimeQuota": 0,
                "httpsOnly": false,
                "endToEndEncryptionEnabled": false,
                "redundancyMode": "None",
                "publicNetworkAccess": "Enabled",
                "storageAccountRequired": false,
                "keyVaultReferenceIdentity": "SystemAssigned"
            }
        },
        {
            "type": "Microsoft.Web/sites/basicPublishingCredentialsPolicies",
            "apiVersion": "2024-11-01",
            "name": "[concat(parameters('sites_exam_web_app2_name'), '/ftp')]",
            "location": "North Europe",
            "dependsOn": [
                "[resourceId('Microsoft.Web/sites', parameters('sites_exam_web_app2_name'))]"
            ],
            "properties": {
                "allow": true
            }
        },
        {
            "type": "Microsoft.Web/sites/basicPublishingCredentialsPolicies",
            "apiVersion": "2024-11-01",
            "name": "[concat(parameters('sites_exam_web_app3_name'), '/ftp')]",
            "location": "North Europe",
            "dependsOn": [
                "[resourceId('Microsoft.Web/sites', parameters('sites_exam_web_app3_name'))]"
            ],
            "properties": {
                "allow": true
            }
        },
        {
            "type": "Microsoft.Web/sites/basicPublishingCredentialsPolicies",
            "apiVersion": "2024-11-01",
            "name": "[concat(parameters('sites_exam_web_app2_name'), '/scm')]",
            "location": "North Europe",
            "dependsOn": [
                "[resourceId('Microsoft.Web/sites', parameters('sites_exam_web_app2_name'))]"
            ],
            "properties": {
                "allow": true
            }
        },
        {
            "type": "Microsoft.Web/sites/basicPublishingCredentialsPolicies",
            "apiVersion": "2024-11-01",
            "name": "[concat(parameters('sites_exam_web_app3_name'), '/scm')]",
            "location": "North Europe",
            "dependsOn": [
                "[resourceId('Microsoft.Web/sites', parameters('sites_exam_web_app3_name'))]"
            ],
            "properties": {
                "allow": true
            }
        },
        {
            "type": "Microsoft.Web/sites/config",
            "apiVersion": "2024-11-01",
            "name": "[concat(parameters('sites_exam_web_app2_name'), '/web')]",
            "location": "North Europe",
            "dependsOn": [
                "[resourceId('Microsoft.Web/sites', parameters('sites_exam_web_app2_name'))]"
            ],
            "properties": {
                "numberOfWorkers": 1,
                "defaultDocuments": [
                    "Default.htm",
                    "Default.html",
                    "Default.asp",
                    "index.htm",
                    "index.html",
                    "iisstart.htm",
                    "default.aspx",
                    "index.php",
                    "hostingstart.html"
                ],
                "netFrameworkVersion": "v4.0",
                "linuxFxVersion": "PHP|8.3",
                "requestTracingEnabled": false,
                "remoteDebuggingEnabled": false,
                "httpLoggingEnabled": false,
                "acrUseManagedIdentityCreds": false,
                "logsDirectorySizeLimit": 35,
                "detailedErrorLoggingEnabled": false,
                "publishingUsername": "$exam-web-app2",
                "scmType": "None",
                "use32BitWorkerProcess": true,
                "webSocketsEnabled": false,
                "alwaysOn": false,
                "managedPipelineMode": "Integrated",
                "virtualApplications": [
                    {
                        "virtualPath": "/",
                        "physicalPath": "site\\wwwroot",
                        "preloadEnabled": false
                    }
                ],
                "loadBalancing": "LeastRequests",
                "experiments": {
                    "rampUpRules": []
                },
                "autoHealEnabled": false,
                "vnetRouteAllEnabled": false,
                "vnetPrivatePortsCount": 0,
                "localMySqlEnabled": false,
                "ipSecurityRestrictions": [
                    {
                        "ipAddress": "Any",
                        "action": "Allow",
                        "priority": 2147483647,
                        "name": "Allow all",
                        "description": "Allow all access"
                    }
                ],
                "scmIpSecurityRestrictions": [
                    {
                        "ipAddress": "Any",
                        "action": "Allow",
                        "priority": 2147483647,
                        "name": "Allow all",
                        "description": "Allow all access"
                    }
                ],
                "scmIpSecurityRestrictionsUseMain": false,
                "http20Enabled": true,
                "minTlsVersion": "1.2",
                "scmMinTlsVersion": "1.2",
                "ftpsState": "FtpsOnly",
                "preWarmedInstanceCount": 0,
                "elasticWebAppScaleLimit": 0,
                "functionsRuntimeScaleMonitoringEnabled": false,
                "minimumElasticInstanceCount": 0,
                "azureStorageAccounts": {},
                "http20ProxyFlag": 0
            }
        },
        {
            "type": "Microsoft.Web/sites/config",
            "apiVersion": "2024-11-01",
            "name": "[concat(parameters('sites_exam_web_app3_name'), '/web')]",
            "location": "North Europe",
            "dependsOn": [
                "[resourceId('Microsoft.Web/sites', parameters('sites_exam_web_app3_name'))]"
            ],
            "properties": {
                "numberOfWorkers": 1,
                "defaultDocuments": [
                    "Default.htm",
                    "Default.html",
                    "Default.asp",
                    "index.htm",
                    "index.html",
                    "iisstart.htm",
                    "default.aspx",
                    "index.php",
                    "hostingstart.html"
                ],
                "netFrameworkVersion": "v4.0",
                "linuxFxVersion": "PHP|8.3",
                "requestTracingEnabled": false,
                "remoteDebuggingEnabled": false,
                "httpLoggingEnabled": false,
                "acrUseManagedIdentityCreds": false,
                "logsDirectorySizeLimit": 35,
                "detailedErrorLoggingEnabled": false,
                "publishingUsername": "$exam-web-app3",
                "scmType": "None",
                "use32BitWorkerProcess": true,
                "webSocketsEnabled": false,
                "alwaysOn": false,
                "managedPipelineMode": "Integrated",
                "virtualApplications": [
                    {
                        "virtualPath": "/",
                        "physicalPath": "site\\wwwroot",
                        "preloadEnabled": false
                    }
                ],
                "loadBalancing": "LeastRequests",
                "experiments": {
                    "rampUpRules": []
                },
                "autoHealEnabled": false,
                "vnetRouteAllEnabled": false,
                "vnetPrivatePortsCount": 0,
                "localMySqlEnabled": false,
                "ipSecurityRestrictions": [
                    {
                        "ipAddress": "Any",
                        "action": "Allow",
                        "priority": 2147483647,
                        "name": "Allow all",
                        "description": "Allow all access"
                    }
                ],
                "scmIpSecurityRestrictions": [
                    {
                        "ipAddress": "Any",
                        "action": "Allow",
                        "priority": 2147483647,
                        "name": "Allow all",
                        "description": "Allow all access"
                    }
                ],
                "scmIpSecurityRestrictionsUseMain": false,
                "http20Enabled": true,
                "minTlsVersion": "1.2",
                "scmMinTlsVersion": "1.2",
                "ftpsState": "FtpsOnly",
                "preWarmedInstanceCount": 0,
                "elasticWebAppScaleLimit": 0,
                "functionsRuntimeScaleMonitoringEnabled": false,
                "minimumElasticInstanceCount": 0,
                "azureStorageAccounts": {},
                "http20ProxyFlag": 0
            }
        },
        {
            "type": "Microsoft.Web/sites/hostNameBindings",
            "apiVersion": "2024-11-01",
            "name": "[concat(parameters('sites_exam_web_app2_name'), '/', parameters('sites_exam_web_app2_name'), '.azurewebsites.net')]",
            "location": "North Europe",
            "dependsOn": [
                "[resourceId('Microsoft.Web/sites', parameters('sites_exam_web_app2_name'))]"
            ],
            "properties": {
                "siteName": "exam-web-app2",
                "hostNameType": "Verified"
            }
        },
        {
            "type": "Microsoft.Web/sites/hostNameBindings",
            "apiVersion": "2024-11-01",
            "name": "[concat(parameters('sites_exam_web_app3_name'), '/', parameters('sites_exam_web_app3_name'), '.azurewebsites.net')]",
            "location": "North Europe",
            "dependsOn": [
                "[resourceId('Microsoft.Web/sites', parameters('sites_exam_web_app3_name'))]"
            ],
            "properties": {
                "siteName": "exam-web-app3",
                "hostNameType": "Verified"
            }
        },
        {
            "type": "Microsoft.Compute/availabilitySets",
            "apiVersion": "2024-11-01",
            "name": "[parameters('availabilitySets_AS_VM_name')]",
            "location": "northeurope",
            "dependsOn": [
                "[resourceId('Microsoft.Compute/virtualMachines', parameters('virtualMachines_VM_1_name'))]",
                "[resourceId('Microsoft.Compute/virtualMachines', parameters('virtualMachines_VM_2_name'))]"
            ],
            "sku": {
                "name": "Aligned"
            },
            "properties": {
                "platformUpdateDomainCount": 2,
                "platformFaultDomainCount": 2,
                "virtualMachines": [
                    {
                        "id": "[resourceId('Microsoft.Compute/virtualMachines', parameters('virtualMachines_VM_1_name'))]"
                    },
                    {
                        "id": "[resourceId('Microsoft.Compute/virtualMachines', parameters('virtualMachines_VM_2_name'))]"
                    }
                ]
            }
        },
        {
            "type": "Microsoft.Compute/virtualMachines",
            "apiVersion": "2024-11-01",
            "name": "[parameters('virtualMachines_VM_1_name')]",
            "location": "northeurope",
            "dependsOn": [
                "[resourceId('Microsoft.Compute/availabilitySets', parameters('availabilitySets_AS_VM_name'))]",
                "[resourceId('Microsoft.Network/networkInterfaces', parameters('networkInterfaces_VM_1VMNic_name'))]"
            ],
            "properties": {
                "hardwareProfile": {
                    "vmSize": "Standard_B1s"
                },
                "availabilitySet": {
                    "id": "[resourceId('Microsoft.Compute/availabilitySets', parameters('availabilitySets_AS_VM_name'))]"
                },
                "storageProfile": {
                    "imageReference": {
                        "publisher": "Canonical",
                        "offer": "ubuntu-24_04-lts",
                        "sku": "server",
                        "version": "latest"
                    },
                    "osDisk": {
                        "osType": "Linux",
                        "name": "[concat(parameters('virtualMachines_VM_1_name'), '_OsDisk_1_e215245634da4abd90fd2e34a2432890')]",
                        "createOption": "FromImage",
                        "caching": "ReadWrite",
                        "managedDisk": {
                            "storageAccountType": "Premium_LRS",
                            "id": "[resourceId('Microsoft.Compute/disks', concat(parameters('virtualMachines_VM_1_name'), '_OsDisk_1_e215245634da4abd90fd2e34a2432890'))]"
                        },
                        "deleteOption": "Detach",
                        "diskSizeGB": 30
                    },
                    "dataDisks": [],
                    "diskControllerType": "SCSI"
                },
                "osProfile": {
                    "computerName": "[parameters('virtualMachines_VM_1_name')]",
                    "adminUsername": "tonytech",
                    "linuxConfiguration": {
                        "disablePasswordAuthentication": false,
                        "provisionVMAgent": true,
                        "patchSettings": {
                            "patchMode": "ImageDefault",
                            "assessmentMode": "ImageDefault"
                        }
                    },
                    "secrets": [],
                    "allowExtensionOperations": true,
                    "requireGuestProvisionSignal": true
                },
                "securityProfile": {
                    "uefiSettings": {
                        "secureBootEnabled": true,
                        "vTpmEnabled": true
                    },
                    "securityType": "TrustedLaunch"
                },
                "networkProfile": {
                    "networkInterfaces": [
                        {
                            "id": "[resourceId('Microsoft.Network/networkInterfaces', parameters('networkInterfaces_VM_1VMNic_name'))]"
                        }
                    ]
                }
            }
        },
        {
            "type": "Microsoft.Compute/virtualMachines",
            "apiVersion": "2024-11-01",
            "name": "[parameters('virtualMachines_VM_2_name')]",
            "location": "northeurope",
            "dependsOn": [
                "[resourceId('Microsoft.Compute/availabilitySets', parameters('availabilitySets_AS_VM_name'))]",
                "[resourceId('Microsoft.Network/networkInterfaces', parameters('networkInterfaces_VM_2VMNic_name'))]"
            ],
            "properties": {
                "hardwareProfile": {
                    "vmSize": "Standard_B1s"
                },
                "availabilitySet": {
                    "id": "[resourceId('Microsoft.Compute/availabilitySets', parameters('availabilitySets_AS_VM_name'))]"
                },
                "storageProfile": {
                    "imageReference": {
                        "publisher": "Canonical",
                        "offer": "ubuntu-24_04-lts",
                        "sku": "server",
                        "version": "latest"
                    },
                    "osDisk": {
                        "osType": "Linux",
                        "name": "[concat(parameters('virtualMachines_VM_2_name'), '_OsDisk_1_27f7ce63459f4536a9526c05706acfda')]",
                        "createOption": "FromImage",
                        "caching": "ReadWrite",
                        "managedDisk": {
                            "storageAccountType": "Premium_LRS",
                            "id": "[resourceId('Microsoft.Compute/disks', concat(parameters('virtualMachines_VM_2_name'), '_OsDisk_1_27f7ce63459f4536a9526c05706acfda'))]"
                        },
                        "deleteOption": "Detach",
                        "diskSizeGB": 30
                    },
                    "dataDisks": [],
                    "diskControllerType": "SCSI"
                },
                "osProfile": {
                    "computerName": "[parameters('virtualMachines_VM_2_name')]",
                    "adminUsername": "tonytech",
                    "linuxConfiguration": {
                        "disablePasswordAuthentication": false,
                        "provisionVMAgent": true,
                        "patchSettings": {
                            "patchMode": "ImageDefault",
                            "assessmentMode": "ImageDefault"
                        }
                    },
                    "secrets": [],
                    "allowExtensionOperations": true,
                    "requireGuestProvisionSignal": true
                },
                "securityProfile": {
                    "uefiSettings": {
                        "secureBootEnabled": true,
                        "vTpmEnabled": true
                    },
                    "securityType": "TrustedLaunch"
                },
                "networkProfile": {
                    "networkInterfaces": [
                        {
                            "id": "[resourceId('Microsoft.Network/networkInterfaces', parameters('networkInterfaces_VM_2VMNic_name'))]"
                        }
                    ]
                }
            }
        },
        {
            "type": "Microsoft.Network/virtualNetworks/subnets",
            "apiVersion": "2024-07-01",
            "name": "[concat(parameters('virtualNetworks_NET_name'), '/', parameters('virtualNetworks_NET_name'), '-SUB-VM')]",
            "dependsOn": [
                "[resourceId('Microsoft.Network/virtualNetworks', parameters('virtualNetworks_NET_name'))]",
                "[resourceId('Microsoft.Network/networkSecurityGroups', parameters('networkSecurityGroups_SG_VM_name'))]"
            ],
            "properties": {
                "addressPrefix": "10.0.1.0/24",
                "networkSecurityGroup": {
                    "id": "[resourceId('Microsoft.Network/networkSecurityGroups', parameters('networkSecurityGroups_SG_VM_name'))]"
                },
                "delegations": [],
                "privateEndpointNetworkPolicies": "Disabled",
                "privateLinkServiceNetworkPolicies": "Enabled"
            }
        },
        {
            "type": "Microsoft.Sql/servers/databases/advancedThreatProtectionSettings",
            "apiVersion": "2024-05-01-preview",
            "name": "[concat(parameters('servers_exam_sql_server_name'), '/DB/Default')]",
            "dependsOn": [
                "[resourceId('Microsoft.Sql/servers/databases', parameters('servers_exam_sql_server_name'), 'DB')]",
                "[resourceId('Microsoft.Sql/servers', parameters('servers_exam_sql_server_name'))]"
            ],
            "properties": {
                "state": "Disabled"
            }
        },
        {
            "type": "Microsoft.Sql/servers/databases/advisors",
            "apiVersion": "2014-04-01",
            "name": "[concat(parameters('servers_exam_sql_server_name'), '/DB/CreateIndex')]",
            "dependsOn": [
                "[resourceId('Microsoft.Sql/servers/databases', parameters('servers_exam_sql_server_name'), 'DB')]",
                "[resourceId('Microsoft.Sql/servers', parameters('servers_exam_sql_server_name'))]"
            ],
            "properties": {
                "autoExecuteValue": "Disabled"
            }
        },
        {
            "type": "Microsoft.Sql/servers/databases/advisors",
            "apiVersion": "2014-04-01",
            "name": "[concat(parameters('servers_exam_sql_server_name'), '/DB/DbParameterization')]",
            "dependsOn": [
                "[resourceId('Microsoft.Sql/servers/databases', parameters('servers_exam_sql_server_name'), 'DB')]",
                "[resourceId('Microsoft.Sql/servers', parameters('servers_exam_sql_server_name'))]"
            ],
            "properties": {
                "autoExecuteValue": "Disabled"
            }
        },
        {
            "type": "Microsoft.Sql/servers/databases/advisors",
            "apiVersion": "2014-04-01",
            "name": "[concat(parameters('servers_exam_sql_server_name'), '/DB/DefragmentIndex')]",
            "dependsOn": [
                "[resourceId('Microsoft.Sql/servers/databases', parameters('servers_exam_sql_server_name'), 'DB')]",
                "[resourceId('Microsoft.Sql/servers', parameters('servers_exam_sql_server_name'))]"
            ],
            "properties": {
                "autoExecuteValue": "Disabled"
            }
        },
        {
            "type": "Microsoft.Sql/servers/databases/advisors",
            "apiVersion": "2014-04-01",
            "name": "[concat(parameters('servers_exam_sql_server_name'), '/DB/DropIndex')]",
            "dependsOn": [
                "[resourceId('Microsoft.Sql/servers/databases', parameters('servers_exam_sql_server_name'), 'DB')]",
                "[resourceId('Microsoft.Sql/servers', parameters('servers_exam_sql_server_name'))]"
            ],
            "properties": {
                "autoExecuteValue": "Disabled"
            }
        },
        {
            "type": "Microsoft.Sql/servers/databases/advisors",
            "apiVersion": "2014-04-01",
            "name": "[concat(parameters('servers_exam_sql_server_name'), '/DB/ForceLastGoodPlan')]",
            "dependsOn": [
                "[resourceId('Microsoft.Sql/servers/databases', parameters('servers_exam_sql_server_name'), 'DB')]",
                "[resourceId('Microsoft.Sql/servers', parameters('servers_exam_sql_server_name'))]"
            ],
            "properties": {
                "autoExecuteValue": "Enabled"
            }
        },
        {
            "type": "Microsoft.Sql/servers/databases/auditingPolicies",
            "apiVersion": "2014-04-01",
            "name": "[concat(parameters('servers_exam_sql_server_name'), '/DB/Default')]",
            "location": "North Europe",
            "dependsOn": [
                "[resourceId('Microsoft.Sql/servers/databases', parameters('servers_exam_sql_server_name'), 'DB')]",
                "[resourceId('Microsoft.Sql/servers', parameters('servers_exam_sql_server_name'))]"
            ],
            "properties": {
                "auditingState": "Disabled"
            }
        },
        {
            "type": "Microsoft.Sql/servers/databases/auditingSettings",
            "apiVersion": "2024-05-01-preview",
            "name": "[concat(parameters('servers_exam_sql_server_name'), '/DB/Default')]",
            "dependsOn": [
                "[resourceId('Microsoft.Sql/servers/databases', parameters('servers_exam_sql_server_name'), 'DB')]",
                "[resourceId('Microsoft.Sql/servers', parameters('servers_exam_sql_server_name'))]"
            ],
            "properties": {
                "retentionDays": 0,
                "isAzureMonitorTargetEnabled": false,
                "state": "Disabled",
                "storageAccountSubscriptionId": "00000000-0000-0000-0000-000000000000"
            }
        },
        {
            "type": "Microsoft.Sql/servers/databases/backupLongTermRetentionPolicies",
            "apiVersion": "2024-05-01-preview",
            "name": "[concat(parameters('servers_exam_sql_server_name'), '/DB/default')]",
            "dependsOn": [
                "[resourceId('Microsoft.Sql/servers/databases', parameters('servers_exam_sql_server_name'), 'DB')]",
                "[resourceId('Microsoft.Sql/servers', parameters('servers_exam_sql_server_name'))]"
            ],
            "properties": {
                "weeklyRetention": "PT0S",
                "monthlyRetention": "PT0S",
                "yearlyRetention": "PT0S",
                "weekOfYear": 0
            }
        },
        {
            "type": "Microsoft.Sql/servers/databases/backupShortTermRetentionPolicies",
            "apiVersion": "2024-05-01-preview",
            "name": "[concat(parameters('servers_exam_sql_server_name'), '/DB/default')]",
            "dependsOn": [
                "[resourceId('Microsoft.Sql/servers/databases', parameters('servers_exam_sql_server_name'), 'DB')]",
                "[resourceId('Microsoft.Sql/servers', parameters('servers_exam_sql_server_name'))]"
            ],
            "properties": {
                "retentionDays": 7,
                "diffBackupIntervalInHours": 24
            }
        },
        {
            "type": "Microsoft.Sql/servers/databases/extendedAuditingSettings",
            "apiVersion": "2024-05-01-preview",
            "name": "[concat(parameters('servers_exam_sql_server_name'), '/DB/Default')]",
            "dependsOn": [
                "[resourceId('Microsoft.Sql/servers/databases', parameters('servers_exam_sql_server_name'), 'DB')]",
                "[resourceId('Microsoft.Sql/servers', parameters('servers_exam_sql_server_name'))]"
            ],
            "properties": {
                "retentionDays": 0,
                "isAzureMonitorTargetEnabled": false,
                "state": "Disabled",
                "storageAccountSubscriptionId": "00000000-0000-0000-0000-000000000000"
            }
        },
        {
            "type": "Microsoft.Sql/servers/databases/geoBackupPolicies",
            "apiVersion": "2024-05-01-preview",
            "name": "[concat(parameters('servers_exam_sql_server_name'), '/DB/Default')]",
            "dependsOn": [
                "[resourceId('Microsoft.Sql/servers/databases', parameters('servers_exam_sql_server_name'), 'DB')]",
                "[resourceId('Microsoft.Sql/servers', parameters('servers_exam_sql_server_name'))]"
            ],
            "properties": {
                "state": "Disabled"
            }
        },
        {
            "type": "Microsoft.Sql/servers/databases/ledgerDigestUploads",
            "apiVersion": "2024-05-01-preview",
            "name": "[concat(parameters('servers_exam_sql_server_name'), '/DB/Current')]",
            "dependsOn": [
                "[resourceId('Microsoft.Sql/servers/databases', parameters('servers_exam_sql_server_name'), 'DB')]",
                "[resourceId('Microsoft.Sql/servers', parameters('servers_exam_sql_server_name'))]"
            ],
            "properties": {}
        },
        {
            "type": "Microsoft.Sql/servers/databases/securityAlertPolicies",
            "apiVersion": "2024-05-01-preview",
            "name": "[concat(parameters('servers_exam_sql_server_name'), '/DB/Default')]",
            "dependsOn": [
                "[resourceId('Microsoft.Sql/servers/databases', parameters('servers_exam_sql_server_name'), 'DB')]",
                "[resourceId('Microsoft.Sql/servers', parameters('servers_exam_sql_server_name'))]"
            ],
            "properties": {
                "state": "Disabled",
                "disabledAlerts": [
                    ""
                ],
                "emailAddresses": [
                    ""
                ],
                "emailAccountAdmins": false,
                "retentionDays": 0
            }
        },
        {
            "type": "Microsoft.Sql/servers/databases/transparentDataEncryption",
            "apiVersion": "2024-05-01-preview",
            "name": "[concat(parameters('servers_exam_sql_server_name'), '/DB/Current')]",
            "dependsOn": [
                "[resourceId('Microsoft.Sql/servers/databases', parameters('servers_exam_sql_server_name'), 'DB')]",
                "[resourceId('Microsoft.Sql/servers', parameters('servers_exam_sql_server_name'))]"
            ],
            "properties": {
                "state": "Enabled"
            }
        },
        {
            "type": "Microsoft.Sql/servers/databases/vulnerabilityAssessments",
            "apiVersion": "2024-05-01-preview",
            "name": "[concat(parameters('servers_exam_sql_server_name'), '/DB/Default')]",
            "dependsOn": [
                "[resourceId('Microsoft.Sql/servers/databases', parameters('servers_exam_sql_server_name'), 'DB')]",
                "[resourceId('Microsoft.Sql/servers', parameters('servers_exam_sql_server_name'))]"
            ],
            "properties": {
                "recurringScans": {
                    "isEnabled": false,
                    "emailSubscriptionAdmins": true
                }
            }
        },
        {
            "type": "Microsoft.Network/networkInterfaces",
            "apiVersion": "2024-07-01",
            "name": "[parameters('networkInterfaces_VM_1VMNic_name')]",
            "location": "northeurope",
            "dependsOn": [
                "[resourceId('Microsoft.Network/virtualNetworks/subnets', parameters('virtualNetworks_NET_name'), concat(parameters('virtualNetworks_NET_name'), '-SUB-VM'))]",
                "[resourceId('Microsoft.Network/loadBalancers/backendAddressPools', parameters('loadBalancers_LBP_name'), concat(parameters('loadBalancers_LBP_name'), '-BEP'))]",
                "[resourceId('Microsoft.Network/loadBalancers/inboundNatRules', parameters('loadBalancers_LBP_name'), concat(parameters('loadBalancers_LBP_name'), '-NAT-SSH-1'))]"
            ],
            "kind": "Regular",
            "properties": {
                "ipConfigurations": [
                    {
                        "name": "ipconfigVM-1",
                        "id": "[concat(resourceId('Microsoft.Network/networkInterfaces', parameters('networkInterfaces_VM_1VMNic_name')), '/ipConfigurations/ipconfigVM-1')]",
                        "type": "Microsoft.Network/networkInterfaces/ipConfigurations",
                        "properties": {
                            "privateIPAddress": "10.0.1.4",
                            "privateIPAllocationMethod": "Dynamic",
                            "subnet": {
                                "id": "[resourceId('Microsoft.Network/virtualNetworks/subnets', parameters('virtualNetworks_NET_name'), concat(parameters('virtualNetworks_NET_name'), '-SUB-VM'))]"
                            },
                            "primary": true,
                            "privateIPAddressVersion": "IPv4",
                            "loadBalancerBackendAddressPools": [
                                {
                                    "id": "[resourceId('Microsoft.Network/loadBalancers/backendAddressPools', parameters('loadBalancers_LBP_name'), concat(parameters('loadBalancers_LBP_name'), '-BEP'))]"
                                }
                            ],
                            "loadBalancerInboundNatRules": [
                                {
                                    "id": "[resourceId('Microsoft.Network/loadBalancers/inboundNatRules', parameters('loadBalancers_LBP_name'), concat(parameters('loadBalancers_LBP_name'), '-NAT-SSH-1'))]"
                                }
                            ]
                        }
                    }
                ],
                "dnsSettings": {
                    "dnsServers": []
                },
                "enableAcceleratedNetworking": false,
                "enableIPForwarding": false,
                "disableTcpStateTracking": false,
                "nicType": "Standard",
                "auxiliaryMode": "None",
                "auxiliarySku": "None"
            }
        },
        {
            "type": "Microsoft.Network/networkInterfaces",
            "apiVersion": "2024-07-01",
            "name": "[parameters('networkInterfaces_VM_2VMNic_name')]",
            "location": "northeurope",
            "dependsOn": [
                "[resourceId('Microsoft.Network/virtualNetworks/subnets', parameters('virtualNetworks_NET_name'), concat(parameters('virtualNetworks_NET_name'), '-SUB-VM'))]",
                "[resourceId('Microsoft.Network/loadBalancers/backendAddressPools', parameters('loadBalancers_LBP_name'), concat(parameters('loadBalancers_LBP_name'), '-BEP'))]",
                "[resourceId('Microsoft.Network/loadBalancers/inboundNatRules', parameters('loadBalancers_LBP_name'), concat(parameters('loadBalancers_LBP_name'), '-NAT-SSH-2'))]"
            ],
            "kind": "Regular",
            "properties": {
                "ipConfigurations": [
                    {
                        "name": "ipconfigVM-2",
                        "id": "[concat(resourceId('Microsoft.Network/networkInterfaces', parameters('networkInterfaces_VM_2VMNic_name')), '/ipConfigurations/ipconfigVM-2')]",
                        "type": "Microsoft.Network/networkInterfaces/ipConfigurations",
                        "properties": {
                            "privateIPAddress": "10.0.1.5",
                            "privateIPAllocationMethod": "Dynamic",
                            "subnet": {
                                "id": "[resourceId('Microsoft.Network/virtualNetworks/subnets', parameters('virtualNetworks_NET_name'), concat(parameters('virtualNetworks_NET_name'), '-SUB-VM'))]"
                            },
                            "primary": true,
                            "privateIPAddressVersion": "IPv4",
                            "loadBalancerBackendAddressPools": [
                                {
                                    "id": "[resourceId('Microsoft.Network/loadBalancers/backendAddressPools', parameters('loadBalancers_LBP_name'), concat(parameters('loadBalancers_LBP_name'), '-BEP'))]"
                                }
                            ],
                            "loadBalancerInboundNatRules": [
                                {
                                    "id": "[resourceId('Microsoft.Network/loadBalancers/inboundNatRules', parameters('loadBalancers_LBP_name'), concat(parameters('loadBalancers_LBP_name'), '-NAT-SSH-2'))]"
                                }
                            ]
                        }
                    }
                ],
                "dnsSettings": {
                    "dnsServers": []
                },
                "enableAcceleratedNetworking": false,
                "enableIPForwarding": false,
                "disableTcpStateTracking": false,
                "nicType": "Standard",
                "auxiliaryMode": "None",
                "auxiliarySku": "None"
            }
        }
    ]
}