{
    "$schema": "https://schema.management.azure.com/schemas/2015-01-01/deploymentParameters.json#",
    "contentVersion": "1.0.0.0",
    "parameters": {
        "vulnerabilityAssessments_Default_storageContainerPath": {
            "value": null
        },
        "sites_examprepwebapp_name": {
            "value": null
        },
        "loadBalancers_LBP_name": {
            "value": null
        },
        "virtualNetworks_NET_name": {
            "value": null
        },
        "serverfarms_ASP_WEB_APP_name": {
            "value": null
        },
        "virtualMachines_VM_1_name": {
            "value": null
        },
        "virtualMachines_VM_2_name": {
            "value": null
        },
        "servers_prepexamdbserver_name": {
            "value": null
        },
        "availabilitySets_AS_VM_name": {
            "value": null
        },
        "networkInterfaces_vm_285_name": {
            "value": null
        },
        "networkInterfaces_vm_1770_name": {
            "value": null
        },
        "networkSecurityGroups_SG_VM_name": {
            "value": null
        },
        "publicIPAddresses_LPB_FE_IP_name": {
            "value": null
        },
        "containerGroups_ci_web_app_name": {
            "value": null
        },
        "registries_prepexam24102025_name": {
            "value": null
        }
    }
}